{
  "experiment": "context_aggregation",
  "model": "gpt-3.5-turbo",
  "results": [
    {
      "config": {
        "aggregation": "sliding_window",
        "input_size": 1,
        "context_size": 20
      },
      "precision": {
        "mean": 89.08585858585859,
        "std": 6.929338943216775
      },
      "recall": {
        "mean": 94.52777777777779,
        "std": 5.511001903039832
      },
      "Rouge-L": {
        "mean": 46.88207413381754,
        "std": 4.635088181858201
      },
      "BLEU": {
        "mean": 12.628083818539565,
        "std": 3.3004090715209924
      },
      "BERTScore": {
        "mean": 91.51866760253907,
        "std": 0.7859760886312893
      },
      "SemScore": {
        "mean": 88.17950308322906,
        "std": 4.109070183104414
      }
    },
    {
      "config": {
        "aggregation": "sliding_window",
        "input_size": 1,
        "context_size": 50
      },
      "precision": {
        "mean": 87.38073038073038,
        "std": 5.883234644551084
      },
      "recall": {
        "mean": 94.52777777777779,
        "std": 5.511001903039832
      },
      "Rouge-L": {
        "mean": 46.1583852662324,
        "std": 5.0760046681265685
      },
      "BLEU": {
        "mean": 12.50862369350961,
        "std": 3.918319753860385
      },
      "BERTScore": {
        "mean": 91.41231079101563,
        "std": 0.8397214534147556
      },
      "SemScore": {
        "mean": 88.16732585430145,
        "std": 3.292389126481323
      }
    },
    {
      "config": {
        "aggregation": "growing_window",
        "input_size": 1,
        "context_size": 20
      },
      "precision": {
        "mean": 89.9040404040404,
        "std": 6.492146763200848
      },
      "recall": {
        "mean": 94.52777777777779,
        "std": 5.511001903039832
      },
      "Rouge-L": {
        "mean": 45.71618641380038,
        "std": 4.793662847360874
      },
      "BLEU": {
        "mean": 12.05632779460004,
        "std": 3.5899000431187322
      },
      "BERTScore": {
        "mean": 91.3028694152832,
        "std": 0.8073213779477609
      },
      "SemScore": {
        "mean": 87.31697142124176,
        "std": 4.347587744595261
      }
    },
    {
      "config": {
        "aggregation": "growing_window",
        "input_size": 1,
        "context_size": 50
      },
      "precision": {
        "mean": 87.38073038073038,
        "std": 5.883234644551084
      },
      "recall": {
        "mean": 94.52777777777779,
        "std": 5.511001903039832
      },
      "Rouge-L": {
        "mean": 45.801274452724705,
        "std": 5.313117393139513
      },
      "BLEU": {
        "mean": 12.398651888117467,
        "std": 3.427775079962542
      },
      "BERTScore": {
        "mean": 91.38291854858399,
        "std": 0.8903090754424537
      },
      "SemScore": {
        "mean": 87.61243104934692,
        "std": 3.866453096304558
      }
    },
    {
      "config": {
        "aggregation": "growing_window",
        "input_size": 5,
        "context_size": 5
      },
      "precision": {
        "mean": 95.72979797979798,
        "std": 5.291551429299882
      },
      "recall": {
        "mean": 87.28535353535352,
        "std": 9.382414253526276
      },
      "Rouge-L": {
        "mean": 44.761282073362544,
        "std": 3.7758424439505345
      },
      "BLEU": {
        "mean": 11.071074131867151,
        "std": 3.4904271188194613
      },
      "BERTScore": {
        "mean": 90.93999710083008,
        "std": 0.936567301551138
      },
      "SemScore": {
        "mean": 88.21618437767029,
        "std": 3.120744138075957
      }
    }
  ]
}