{
  "experiment": "input_lines",
  "model": "gpt-3.5-turbo",
  "results_by_chunk_size": {
    "2": {
      "Rouge-L": {
        "mean": 33.57284447338347,
        "std": 4.635387643947404
      },
      "BLEU": {
        "mean": 6.264449098596836,
        "std": 2.10561895532807
      },
      "BERTScore": {
        "mean": 85.16428298950196,
        "std": 0.911118670057186
      },
      "SemScore": {
        "mean": 79.01162147521973,
        "std": 4.088139827916412
      }
    },
    "5": {
      "Rouge-L": {
        "mean": 31.724461406521964,
        "std": 4.74372096251413
      },
      "BLEU": {
        "mean": 6.546048623713823,
        "std": 2.3195241208072996
      },
      "BERTScore": {
        "mean": 86.2871322631836,
        "std": 0.504557679855546
      },
      "SemScore": {
        "mean": 80.59222161769867,
        "std": 3.985658960700986
      }
    },
    "10": {
      "Rouge-L": {
        "mean": 38.28827420326087,
        "std": 6.732270017527487
      },
      "BLEU": {
        "mean": 10.343883357087739,
        "std": 3.075958928634135
      },
      "BERTScore": {
        "mean": 87.6568588256836,
        "std": 0.7547602791455468
      },
      "SemScore": {
        "mean": 83.09280931949615,
        "std": 3.554880234873825
      }
    },
    "20": {
      "Rouge-L": {
        "mean": 40.956812453908505,
        "std": 8.197083806419673
      },
      "BLEU": {
        "mean": 13.510423371048805,
        "std": 4.09853291232024
      },
      "BERTScore": {
        "mean": 88.75282974243164,
        "std": 0.9758860229437804
      },
      "SemScore": {
        "mean": 86.98845386505127,
        "std": 2.5253673636472502
      }
    }
  }
}