{
  "experiment": "realtime_simulation",
  "model": "gpt-3.5-turbo",
  "results_by_context_size": {
    "0": {
      "precision": {
        "mean": 87.38073038073038,
        "std": 5.883234644551084
      },
      "recall": {
        "mean": 94.52777777777779,
        "std": 5.511001903039832
      },
      "Rouge-L": {
        "mean": 45.39573675033706,
        "std": 5.461509204805508
      },
      "BLEU": {
        "mean": 12.267841491223646,
        "std": 3.70198517524144
      },
      "BERTScore": {
        "mean": 91.24519958496094,
        "std": 0.8608463427941487
      },
      "SemScore": {
        "mean": 87.52370834350586,
        "std": 4.273596805977774
      }
    },
    "1": {
      "precision": {
        "mean": 87.6938616938617,
        "std": 5.5945618557128665
      },
      "recall": {
        "mean": 96.77777777777779,
        "std": 4.930379496074177
      },
      "Rouge-L": {
        "mean": 50.67237976546619,
        "std": 7.549579402418394
      },
      "BLEU": {
        "mean": 16.60855818794886,
        "std": 6.323473051046324
      },
      "BERTScore": {
        "mean": 91.8974235534668,
        "std": 1.009366191150791
      },
      "SemScore": {
        "mean": 89.98983681201935,
        "std": 2.8445351453483707
      }
    },
    "20": {
      "precision": {
        "mean": 91.98737373737374,
        "std": 5.811264498534843
      },
      "recall": {
        "mean": 94.66666666666667,
        "std": 7.299585646958595
      },
      "Rouge-L": {
        "mean": 48.93490089768987,
        "std": 6.545274997825779
      },
      "BLEU": {
        "mean": 13.414018088914379,
        "std": 3.350013845934203
      },
      "BERTScore": {
        "mean": 91.66023330688476,
        "std": 1.092004300825018
      },
      "SemScore": {
        "mean": 91.28738462924957,
        "std": 2.826233655412637
      }
    },
    "50": {
      "precision": {
        "mean": 91.98737373737374,
        "std": 5.811264498534843
      },
      "recall": {
        "mean": 94.66666666666667,
        "std": 7.299585646958595
      },
      "Rouge-L": {
        "mean": 49.59941377932266,
        "std": 6.540627327435461
      },
      "BLEU": {
        "mean": 13.604700391126627,
        "std": 4.158248206352805
      },
      "BERTScore": {
        "mean": 91.76692199707031,
        "std": 1.1428429656353343
      },
      "SemScore": {
        "mean": 91.08337938785553,
        "std": 2.863084464318564
      }
    },
    "100": {
      "precision": {
        "mean": 91.98737373737374,
        "std": 5.811264498534843
      },
      "recall": {
        "mean": 94.66666666666667,
        "std": 7.299585646958595
      },
      "Rouge-L": {
        "mean": 49.69258124039616,
        "std": 6.731084929576576
      },
      "BLEU": {
        "mean": 13.37658836506319,
        "std": 3.9701592641042023
      },
      "BERTScore": {
        "mean": 91.7607437133789,
        "std": 1.1577836488890068
      },
      "SemScore": {
        "mean": 90.68762004375458,
        "std": 3.1942590659275907
      }
    },
    "max": {
      "precision": {
        "mean": 91.98737373737374,
        "std": 5.811264498534843
      },
      "recall": {
        "mean": 94.66666666666667,
        "std": 7.299585646958595
      },
      "Rouge-L": {
        "mean": 48.82970016873554,
        "std": 7.226985720439044
      },
      "BLEU": {
        "mean": 12.921532999071706,
        "std": 4.004878973098453
      },
      "BERTScore": {
        "mean": 91.71419906616211,
        "std": 1.232613705409159
      },
      "SemScore": {
        "mean": 90.80817461013794,
        "std": 3.507128626320509
      }
    }
  }
}